condition,quantity,model,index,x_he,y,yerr
150_5000,integrand_he,CACE,0,0.984375,0.48030103,0.06234274
150_5000,integrand_he,CACE,1,0.953125,0.49432839,0.03925621
150_5000,integrand_he,CACE,2,0.921875,0.44432019,0.0164531
150_5000,integrand_he,CACE,3,0.859375,0.42212237,0.01780067
150_5000,integrand_he,CACE,4,0.796875,0.37177474,0.00760752
150_5000,integrand_he,CACE,5,0.734375,0.31725263,0.00719507
150_5000,integrand_he,CACE,6,0.609375,0.17673573,0.00511079
150_5000,integrand_he,CACE,7,0.546875,0.10054386,0.00175183
150_5000,integrand_he,CACE,8,0.484375,0.06240253,0.00347496
150_5000,integrand_he,CACE,9,0.453125,0.04506701,0.00288107
150_5000,integrand_he,CACE,10,0.390625,0.02674408,0.00184125
150_5000,integrand_he,CACE,11,0.328125,0.01815005,0.00360974
150_5000,integrand_he,CACE,12,0.296875,0.01206975,0.00218394
150_5000,integrand_he,CACE,13,0.234375,0.02399275,0.00314687
150_5000,integrand_he,CACE,14,0.21875,0.02427674,0.00311065
150_5000,integrand_he,CACE,15,0.203125,0.02881217,0.00293169
150_5000,integrand_he,CACE,16,0.1875,0.03326979,0.00218572
150_5000,integrand_he,CACE,17,0.171875,0.0531388,0.00243758
150_5000,integrand_he,CACE,18,0.15625,0.05961632,0.00283818
150_5000,integrand_he,CACE,19,0.140625,0.09166298,0.00480166
150_5000,integrand_he,CACE,20,0.109375,0.17507593,0.00602638
150_5000,integrand_he,CACE,21,0.078125,0.31942987,0.01037027
150_5000,integrand_he,CACE,22,0.046875,0.51892417,0.02131419
150_5000,integrand_he,CACE,23,0.015625,0.78821588,0.05870264
150_5000,mu_he,CACE,0,0.984375,-0.00325249516,3.89538965e-05
150_5000,mu_he,CACE,1,0.953125,-0.0100611339,0.000158815713
150_5000,mu_he,CACE,2,0.921875,-0.0168370308,0.000198417373
150_5000,mu_he,CACE,3,0.859375,-0.0300089192,0.000313340974
150_5000,mu_he,CACE,4,0.796875,-0.0429896576,0.000412968456
150_5000,mu_he,CACE,5,0.734375,-0.0551763691,0.000478874219
150_5000,mu_he,CACE,6,0.609375,-0.0751354463,0.000671778228
150_5000,mu_he,CACE,7,0.546875,-0.0816328903,0.000705447048
150_5000,mu_he,CACE,8,0.484375,-0.0859151322,0.000731947513
150_5000,mu_he,CACE,9,0.453125,-0.0874671618,0.000735633468
150_5000,mu_he,CACE,10,0.390625,-0.0897751131,0.000770220982
150_5000,mu_he,CACE,11,0.328125,-0.0914701073,0.000818255194
150_5000,mu_he,CACE,12,0.296875,-0.092124962,0.000829335235
150_5000,mu_he,CACE,13,0.234375,-0.0939710564,0.000893731415
150_5000,mu_he,CACE,14,0.21875,-0.0946921589,0.000893098791
150_5000,mu_he,CACE,15,0.203125,-0.095544104,0.000894500863
150_5000,mu_he,CACE,16,0.1875,-0.0966200161,0.000894449016
150_5000,mu_he,CACE,17,0.171875,-0.098248294,0.000894928494
150_5000,mu_he,CACE,18,0.15625,-0.100575671,0.000901625892
150_5000,mu_he,CACE,19,0.140625,-0.104026877,0.000923524285
150_5000,mu_he,CACE,20,0.109375,-0.118542559,0.00104093139
150_5000,mu_he,CACE,21,0.078125,-0.154572988,0.00126462058
150_5000,mu_he,CACE,22,0.046875,-0.247308277,0.00171959328
150_5000,mu_he,CACE,23,0.015625,-0.558273238,0.00325935057
150_5000,mu_h,CACE,0,0.984375,-0.637782335,0.0135916907
150_5000,mu_h,CACE,1,0.953125,-0.405921223,0.00950988747
150_5000,mu_h,CACE,2,0.921875,-0.302091482,0.00540491639
150_5000,mu_h,CACE,3,0.859375,-0.191809102,0.00314604124
150_5000,mu_h,CACE,4,0.796875,-0.128592365,0.00203492054
150_5000,mu_h,CACE,5,0.734375,-0.0885662533,0.00146044211
150_5000,mu_h,CACE,6,0.609375,-0.0473120068,0.000848225881
150_5000,mu_h,CACE,7,0.546875,-0.0384003381,0.000670775904
150_5000,mu_h,CACE,8,0.484375,-0.0338411203,0.000550732629
150_5000,mu_h,CACE,9,0.453125,-0.0324718071,0.000479050791
150_5000,mu_h,CACE,10,0.390625,-0.030789056,0.000401725448
150_5000,mu_h,CACE,11,0.328125,-0.0298398684,0.000336058307
150_5000,mu_h,CACE,12,0.296875,-0.0295423569,0.00030089459
150_5000,mu_h,CACE,13,0.234375,-0.0288773587,0.000254170715
150_5000,mu_h,CACE,14,0.21875,-0.0286661927,0.000235590557
150_5000,mu_h,CACE,15,0.203125,-0.0284385393,0.00021913545
150_5000,mu_h,CACE,16,0.1875,-0.0281774936,0.000205299587
150_5000,mu_h,CACE,17,0.171875,-0.027821079,0.000193218058
150_5000,mu_h,CACE,18,0.15625,-0.0273646855,0.000181516373
150_5000,mu_h,CACE,19,0.140625,-0.0267635944,0.000168577179
150_5000,mu_h,CACE,20,0.109375,-0.024700499,0.000144360462
150_5000,mu_h,CACE,21,0.078125,-0.0210076526,0.00011539312
150_5000,mu_h,CACE,22,0.046875,-0.0149557597,8.11513269e-05
150_5000,mu_h,CACE,23,0.015625,-0.00582424347,3.30420642e-05
150_5000,integrand_he,N2P2,0,0.984375,0.49390415,0.12795044
150_5000,integrand_he,N2P2,1,0.953125,0.50866369,0.08312812
150_5000,integrand_he,N2P2,2,0.921875,0.47065968,0.04622428
150_5000,integrand_he,N2P2,3,0.796875,0.29120557,0.01731803
150_5000,integrand_he,N2P2,4,0.734375,0.2180061,0.01210948
150_5000,integrand_he,N2P2,5,0.609375,0.13588887,0.00749802
150_5000,integrand_he,N2P2,6,0.546875,0.10270081,0.00576859
150_5000,integrand_he,N2P2,7,0.484375,0.05200299,0.0038837
150_5000,integrand_he,N2P2,8,0.453125,0.05962405,0.00274254
150_5000,integrand_he,N2P2,9,0.421875,0.04186442,0.00358933
150_5000,integrand_he,N2P2,10,0.390625,0.01931233,0.0097496
150_5000,integrand_he,N2P2,11,0.359375,0.0275946,0.00263423
150_5000,integrand_he,N2P2,12,0.328125,0.03850089,0.00313248
150_5000,integrand_he,N2P2,13,0.296875,0.03059698,0.00475969
150_5000,integrand_he,N2P2,14,0.234375,0.05360985,0.0067014
150_5000,integrand_he,N2P2,15,0.21875,0.06013193,0.00678011
150_5000,integrand_he,N2P2,16,0.203125,0.06271631,0.00482729
150_5000,integrand_he,N2P2,17,0.1875,0.08614796,0.00430695
150_5000,integrand_he,N2P2,18,0.171875,0.06317966,0.00534134
150_5000,integrand_he,N2P2,19,0.15625,0.08979126,0.00991544
150_5000,integrand_he,N2P2,20,0.140625,0.11517089,0.01661506
150_5000,integrand_he,N2P2,21,0.109375,0.19788235,0.0140979
150_5000,integrand_he,N2P2,22,0.078125,0.33938458,0.02201461
150_5000,integrand_he,N2P2,23,0.046875,0.47214524,0.05294639
150_5000,integrand_he,N2P2,24,0.015625,0.69894724,0.12253343
150_5000,mu_he,N2P2,0,0.984375,-0.00334405498,0.000125352617
150_5000,mu_he,N2P2,1,0.953125,-0.010347868,0.000412619408
150_5000,mu_he,N2P2,2,0.921875,-0.0174173872,0.000496476949
150_5000,mu_he,N2P2,3,0.796875,-0.0414564598,0.000989177691
150_5000,mu_he,N2P2,4,0.734375,-0.0504628016,0.00108556442
150_5000,mu_he,N2P2,5,0.609375,-0.0647615541,0.00136024057
150_5000,mu_he,N2P2,6,0.546875,-0.0703524092,0.00141109519
150_5000,mu_he,N2P2,7,0.484375,-0.0744180079,0.00144237627
150_5000,mu_he,N2P2,8,0.453125,-0.0760300769,0.00139941442
150_5000,mu_he,N2P2,9,0.421875,-0.0776005062,0.00136829918
150_5000,mu_he,N2P2,10,0.390625,-0.0786200392,0.00137278291
150_5000,mu_he,N2P2,11,0.359375,-0.0794669542,0.00137838532
150_5000,mu_he,N2P2,12,0.328125,-0.0807690114,0.00136800884
150_5000,mu_he,N2P2,13,0.296875,-0.0822665458,0.00137950684
150_5000,mu_he,N2P2,14,0.234375,-0.0865769596,0.00153228555
150_5000,mu_he,N2P2,15,0.21875,-0.0882762356,0.00154693827
150_5000,mu_he,N2P2,16,0.203125,-0.090247624,0.00155733985
150_5000,mu_he,N2P2,17,0.1875,-0.0928278465,0.00156066893
150_5000,mu_he,N2P2,18,0.171875,-0.0956414202,0.00157034359
150_5000,mu_he,N2P2,19,0.15625,-0.0987990488,0.00161032713
150_5000,mu_he,N2P2,20,0.140625,-0.103474812,0.00171129804
150_5000,mu_he,N2P2,21,0.109375,-0.120511173,0.00202203098
150_5000,mu_he,N2P2,22,0.078125,-0.159656969,0.00247077864
150_5000,mu_he,N2P2,23,0.046875,-0.249425077,0.00357400698
150_5000,mu_he,N2P2,24,0.015625,-0.528024697,0.00634968002
150_5000,mu_h,N2P2,0,0.984375,-0.61168677,0.0279538685
150_5000,mu_h,N2P2,1,0.953125,-0.373178321,0.0181715463
150_5000,mu_h,N2P2,2,0.921875,-0.264850632,0.00971235327
150_5000,mu_h,N2P2,3,0.796875,-0.107212651,0.00410176426
150_5000,mu_h,N2P2,4,0.734375,-0.0776324267,0.00280039074
150_5000,mu_h,N2P2,5,0.609375,-0.0480778516,0.00170012663
150_5000,mu_h,N2P2,6,0.546875,-0.0404096408,0.00131970025
150_5000,mu_h,N2P2,7,0.484375,-0.0360809698,0.00107705587
150_5000,mu_h,N2P2,8,0.453125,-0.0346586851,0.000963204959
150_5000,mu_h,N2P2,9,0.421875,-0.0334376578,0.000870077554
150_5000,mu_h,N2P2,10,0.390625,-0.0327400505,0.000774364827
150_5000,mu_h,N2P2,11,0.359375,-0.0322320721,0.000696618456
150_5000,mu_h,N2P2,12,0.328125,-0.031550399,0.000641670601
150_5000,mu_h,N2P2,13,0.296875,-0.0308701621,0.000586895241
150_5000,mu_h,N2P2,14,0.234375,-0.0293173542,0.000492431309
150_5000,mu_h,N2P2,15,0.21875,-0.0288197612,0.000456229318
150_5000,mu_h,N2P2,16,0.203125,-0.0282929717,0.000425838081
150_5000,mu_h,N2P2,17,0.1875,-0.0276670187,0.000401034109
150_5000,mu_h,N2P2,18,0.171875,-0.0270510786,0.000377991211
150_5000,mu_h,N2P2,19,0.15625,-0.0264319046,0.000351853793
150_5000,mu_h,N2P2,20,0.140625,-0.0256175121,0.000318248368
150_5000,mu_h,N2P2,21,0.109375,-0.0231961974,0.000260561777
150_5000,mu_h,N2P2,22,0.078125,-0.0191840218,0.000203806236
150_5000,mu_h,N2P2,23,0.046875,-0.0133257671,0.000123790023
150_5000,mu_h,N2P2,24,0.015625,-0.0051446622,3.74656743e-05
150_5000,integrand_he,MACE,0,0.984375,0.52568982,0.11662215
150_5000,integrand_he,MACE,1,0.953125,0.47990235,0.05199109
150_5000,integrand_he,MACE,2,0.921875,0.45167034,0.04309642
150_5000,integrand_he,MACE,3,0.859375,0.40428659,0.02328893
150_5000,integrand_he,MACE,4,0.796875,0.33748752,0.01452374
150_5000,integrand_he,MACE,5,0.734375,0.29615208,0.00978945
150_5000,integrand_he,MACE,6,0.609375,0.15425565,0.01016942
150_5000,integrand_he,MACE,7,0.546875,0.12050841,0.00404775
150_5000,integrand_he,MACE,8,0.484375,0.06037358,0.00383785
150_5000,integrand_he,MACE,9,0.421875,0.04499871,0.00173009
150_5000,integrand_he,MACE,10,0.328125,0.01660086,0.00856538
150_5000,integrand_he,MACE,11,0.265625,0.02629451,0.00487883
150_5000,integrand_he,MACE,12,0.234375,0.0503899,0.00568511
150_5000,integrand_he,MACE,13,0.1875,0.09151113,0.00957232
150_5000,integrand_he,MACE,14,0.15625,0.13840511,0.00550694
150_5000,integrand_he,MACE,15,0.140625,0.14842312,0.0083988
150_5000,integrand_he,MACE,16,0.078125,0.36326395,0.04293259
150_5000,integrand_he,MACE,17,0.046875,0.56100652,0.02995937
150_5000,integrand_he,MACE,18,0.015625,0.77947325,0.0936477
150_5000,mu_he,MACE,0,0.984375,-0.00366163953,0.000103670474
150_5000,mu_he,MACE,1,0.953125,-0.0106865801,0.000287761595
150_5000,mu_he,MACE,2,0.921875,-0.0174113977,0.000348106848
150_5000,mu_he,MACE,3,0.859375,-0.0304238805,0.000546010166
150_5000,mu_he,MACE,4,0.796875,-0.0425523741,0.000676015028
150_5000,mu_he,MACE,5,0.734375,-0.0537594515,0.000774576941
150_5000,mu_he,MACE,6,0.609375,-0.0719577001,0.00108580591
150_5000,mu_he,MACE,7,0.546875,-0.0783961297,0.00117244606
150_5000,mu_he,MACE,8,0.484375,-0.0831497867,0.0012034842
150_5000,mu_he,MACE,9,0.421875,-0.0863020548,0.00121817585
150_5000,mu_he,MACE,10,0.328125,-0.0896543277,0.0013348188
150_5000,mu_he,MACE,11,0.265625,-0.0916171167,0.00146148268
150_5000,mu_he,MACE,12,0.234375,-0.0936955146,0.00150500043
150_5000,mu_he,MACE,13,0.1875,-0.100552212,0.00170227946
150_5000,mu_he,MACE,14,0.15625,-0.109629414,0.00183246686
150_5000,mu_he,MACE,15,0.140625,-0.116173363,0.00186510588
150_5000,mu_he,MACE,16,0.078125,-0.18130164,0.00322628342
150_5000,mu_he,MACE,17,0.046875,-0.28354069,0.00465557679
150_5000,mu_he,MACE,18,0.015625,-0.602437006,0.00832791191
150_5000,mu_h,MACE,0,0.984375,-0.639077261,0.0225803254
150_5000,mu_h,MACE,1,0.953125,-0.399848898,0.0163112814
150_5000,mu_h,MACE,2,0.921875,-0.296802018,0.00931753822
150_5000,mu_h,MACE,3,0.859375,-0.187854743,0.00541605376
150_5000,mu_h,MACE,4,0.796875,-0.128788619,0.00370104999
150_5000,mu_h,MACE,5,0.734375,-0.0919798719,0.0027522066
150_5000,mu_h,MACE,6,0.609375,-0.0543651647,0.00172962278
150_5000,mu_h,MACE,7,0.546875,-0.0455343916,0.00137202133
150_5000,mu_h,MACE,8,0.484375,-0.0404732982,0.00116973568
150_5000,mu_h,MACE,9,0.421875,-0.0378627459,0.00103366904
150_5000,mu_h,MACE,10,0.328125,-0.035858134,0.000873492501
150_5000,mu_h,MACE,11,0.265625,-0.035031928,0.000753377231
150_5000,mu_h,MACE,12,0.234375,-0.0343399357,0.00068609825
150_5000,mu_h,MACE,13,0.1875,-0.0325139854,0.000590923816
150_5000,mu_h,MACE,14,0.15625,-0.0306350144,0.000529658178
150_5000,mu_h,MACE,15,0.140625,-0.0294953338,0.000495189789
150_5000,mu_h,MACE,16,0.078125,-0.021716534,0.000309819071
150_5000,mu_h,MACE,17,0.046875,-0.0150444295,0.000201006459
150_5000,mu_h,MACE,18,0.015625,-0.0056800062,8.36534417e-05
800_7000,integrand_he,CACE,0,0.984375,0.459784813,0.184020842
800_7000,integrand_he,CACE,1,0.953125,0.401491755,0.0854141093
800_7000,integrand_he,CACE,2,0.921875,0.370024006,0.0511180997
800_7000,integrand_he,CACE,3,0.859375,0.147999127,0.0453779013
800_7000,integrand_he,CACE,4,0.796875,0.00728975174,0.000410342427
800_7000,integrand_he,CACE,5,0.734375,0.00139027655,0.000720324577
800_7000,integrand_he,CACE,6,0.609375,9.39872134e-09,0.0308808721
800_7000,integrand_he,CACE,7,0.546875,5.18163805e-10,0.0026433112
800_7000,integrand_he,CACE,8,0.484375,6.66237462e-09,0.0138911644
800_7000,integrand_he,CACE,9,0.453125,3.6964371e-09,0.00788285473
800_7000,integrand_he,CACE,10,0.421875,2.75076044e-09,0.00874644508
800_7000,integrand_he,CACE,11,0.390625,1.43873766e-08,0.0259948904
800_7000,integrand_he,CACE,12,0.359375,1.27235133e-09,0.0056242514
800_7000,integrand_he,CACE,13,0.328125,3.72789873e-08,0.0579733005
800_7000,integrand_he,CACE,14,0.296875,7.06599618e-10,0.00335885709
800_7000,integrand_he,CACE,15,0.265625,1.41945556e-08,0.109457544
800_7000,integrand_he,CACE,16,0.234375,2.92861793e-09,0.00668331965
800_7000,integrand_he,CACE,17,0.203125,0.00308926416,0.000546420773
800_7000,integrand_he,CACE,18,0.1875,-8.61883666e-10,0.000114189805
800_7000,integrand_he,CACE,19,0.171875,0.0923602935,0.00667858945
800_7000,integrand_he,CACE,20,0.15625,0.127175184,0.00722702553
800_7000,integrand_he,CACE,21,0.140625,0.23323061,0.0106767921
800_7000,integrand_he,CACE,22,0.109375,0.345830886,0.00690980299
800_7000,integrand_he,CACE,23,0.078125,0.515361211,0.057366728
800_7000,integrand_he,CACE,24,0.046875,0.703385683,0.0296761749
800_7000,integrand_he,CACE,25,0.015625,0.924328748,0.118303493
800_7000,mu_he,CACE,0,0.984375,-0.0045261426,0.000218236058
800_7000,mu_he,CACE,1,0.953125,-0.0129496205,0.0006007726
800_7000,mu_he,CACE,2,0.921875,-0.0207467833,0.000669659078
800_7000,mu_he,CACE,3,0.859375,-0.0317719572,0.00102878265
800_7000,mu_he,CACE,4,0.796875,-0.0353266624,0.00114979407
800_7000,mu_he,CACE,5,0.734375,-0.035541594,0.00103696744
800_7000,mu_he,CACE,6,0.609375,-0.0356202359,0.000957278404
800_7000,mu_he,CACE,7,0.546875,-0.0356202361,0.000886266977
800_7000,mu_he,CACE,8,0.484375,-0.0356202364,0.000829027422
800_7000,mu_he,CACE,9,0.453125,-0.0356202367,0.000781614815
800_7000,mu_he,CACE,10,0.421875,-0.035620237,0.000741504952
800_7000,mu_he,CACE,11,0.390625,-0.0356202434,0.000706997578
800_7000,mu_he,CACE,12,0.359375,-0.0356202373,0.00067689854
800_7000,mu_he,CACE,13,0.328125,-0.0356202389,0.000650343302
800_7000,mu_he,CACE,14,0.296875,-0.0356202396,0.000626686882
800_7000,mu_he,CACE,15,0.265625,-0.0356202406,0.000605437195
800_7000,mu_he,CACE,16,0.234375,-0.0356202494,0.000586212948
800_7000,mu_he,CACE,17,0.203125,-0.0357542599,0.000575321999
800_7000,mu_he,CACE,18,0.1875,-0.0358292226,0.000562706989
800_7000,mu_he,CACE,19,0.171875,-0.0382655574,0.000597077331
800_7000,mu_he,CACE,20,0.15625,-0.0446087696,0.000690178537
800_7000,mu_he,CACE,21,0.140625,-0.0561206377,0.00081629666
800_7000,mu_he,CACE,22,0.109375,-0.100238674,0.00108766457
800_7000,mu_he,CACE,23,0.078125,-0.188084646,0.00201106895
800_7000,mu_he,CACE,24,0.046875,-0.376822418,0.00349761562
800_7000,mu_he,CACE,25,0.015625,-0.918942561,0.00613135211
800_7000,mu_h,CACE,0,0.984375,-0.57350933,0.0301157113
800_7000,mu_h,CACE,1,0.953125,-0.286656294,0.0170888143
800_7000,mu_h,CACE,2,0.921875,-0.167177616,0.00833169003
800_7000,mu_h,CACE,3,0.859375,-0.074869173,0.002767172
800_7000,mu_h,CACE,4,0.796875,-0.0575596919,0.00113587498
800_7000,mu_h,CACE,5,0.734375,-0.0568517134,0.000987843996
800_7000,mu_h,CACE,6,0.609375,-0.0566891635,0.000879737866
800_7000,mu_h,CACE,7,0.546875,-0.0566891652,0.000814476711
800_7000,mu_h,CACE,8,0.484375,-0.056689165,0.000761873128
800_7000,mu_h,CACE,9,0.453125,-0.0566891559,0.000718301371
800_7000,mu_h,CACE,10,0.421875,-0.0566891552,0.000681440349
800_7000,mu_h,CACE,11,0.390625,-0.0566891581,0.000649727964
800_7000,mu_h,CACE,12,0.359375,-0.0566891627,0.000622066791
800_7000,mu_h,CACE,13,0.328125,-0.0566891542,0.000597662541
800_7000,mu_h,CACE,14,0.296875,-0.0566891541,0.000575921411
800_7000,mu_h,CACE,15,0.265625,-0.0566891538,0.000556393216
800_7000,mu_h,CACE,16,0.234375,-0.0566891527,0.000538725281
800_7000,mu_h,CACE,17,0.203125,-0.0566516846,0.000520791781
800_7000,mu_h,CACE,18,0.1875,-0.0566335003,0.000505246604
800_7000,mu_h,CACE,19,0.171875,-0.0561001505,0.000480961172
800_7000,mu_h,CACE,20,0.15625,-0.054856105,0.000447559484
800_7000,mu_h,CACE,21,0.140625,-0.0528512623,0.000411912266
800_7000,mu_h,CACE,22,0.109375,-0.0465810005,0.000361168247
800_7000,mu_h,CACE,23,0.078125,-0.0375773648,0.000256162921
800_7000,mu_h,CACE,24,0.046875,-0.025260354,0.000150993722
800_7000,mu_h,CACE,25,0.015625,-0.00934094207,6.85279946e-05
800_7000,integrand_he,N2P2,0,0.984375,0.519742054,0.263774492
800_7000,integrand_he,N2P2,1,0.921875,0.257702239,0.0624565563
800_7000,integrand_he,N2P2,2,0.859375,0.10246144,0.0228246168
800_7000,integrand_he,N2P2,3,0.796875,0.0150741273,0.00261991419
800_7000,integrand_he,N2P2,4,0.734375,-1.32531407e-09,0.00673677441
800_7000,integrand_he,N2P2,5,0.609375,1.17640185e-09,0.00416041095
800_7000,integrand_he,N2P2,6,0.546875,1.81939515e-09,0.00834307872
800_7000,integrand_he,N2P2,7,0.484375,3.79671488e-09,0.00795774672
800_7000,integrand_he,N2P2,8,0.453125,3.49780958e-09,0.00679835091
800_7000,integrand_he,N2P2,9,0.421875,2.03752688e-09,0.00767962872
800_7000,integrand_he,N2P2,10,0.359375,4.54200746e-09,0.00721021308
800_7000,integrand_he,N2P2,11,0.328125,6.40618386e-10,0.00295550581
800_7000,integrand_he,N2P2,12,0.296875,2.16952943e-09,0.00810407295
800_7000,integrand_he,N2P2,13,0.265625,3.81830931e-09,0.00699424338
800_7000,integrand_he,N2P2,14,0.21875,1.1857703e-10,0.000897298537
800_7000,integrand_he,N2P2,15,0.203125,3.81286182e-09,0.00825121487
800_7000,integrand_he,N2P2,16,0.1875,0.00767137936,0.00249386499
800_7000,integrand_he,N2P2,17,0.171875,0.040989144,0.00836027755
800_7000,integrand_he,N2P2,18,0.15625,0.111105412,0.0131028895
800_7000,integrand_he,N2P2,19,0.140625,0.13774184,0.00484536745
800_7000,integrand_he,N2P2,20,0.109375,0.300103566,0.0170227122
800_7000,integrand_he,N2P2,21,0.078125,0.423595206,0.022658665
800_7000,integrand_he,N2P2,22,0.046875,0.596386162,0.0630124045
800_7000,integrand_he,N2P2,23,0.015625,0.969424916,0.201962177
800_7000,mu_he,N2P2,0,0.984375,-0.00528038042,0.000298823851
800_7000,mu_he,N2P2,1,0.953125,-0.0141140196,0.000837064217
800_7000,mu_he,N2P2,2,0.921875,-0.0205939165,0.000907258518
800_7000,mu_he,N2P2,3,0.859375,-0.0282593398,0.00111809415
800_7000,mu_he,N2P2,4,0.796875,-0.0309498378,0.00112145384
800_7000,mu_he,N2P2,5,0.734375,-0.0313230974,0.00102328917
800_7000,mu_he,N2P2,6,0.609375,-0.0313230974,0.000934130964
800_7000,mu_he,N2P2,7,0.546875,-0.0313230972,0.000864837179
800_7000,mu_he,N2P2,8,0.484375,-0.0313230981,0.000808982809
800_7000,mu_he,N2P2,9,0.453125,-0.0313230976,0.000762714899
800_7000,mu_he,N2P2,10,0.421875,-0.0313230979,0.000723574858
800_7000,mu_he,N2P2,11,0.390625,-0.0313231013,0.000689901448
800_7000,mu_he,N2P2,12,0.359375,-0.0313230979,0.000660530588
800_7000,mu_he,N2P2,13,0.328125,-0.0313231012,0.000634617389
800_7000,mu_he,N2P2,14,0.296875,-0.0313230981,0.000611532581
800_7000,mu_he,N2P2,15,0.265625,-0.0313230988,0.000590796107
800_7000,mu_he,N2P2,16,0.21875,-0.0313230987,0.000572036413
800_7000,mu_he,N2P2,17,0.203125,-0.0313230998,0.000554956764
800_7000,mu_he,N2P2,18,0.1875,-0.0315092514,0.000552796736
800_7000,mu_he,N2P2,19,0.171875,-0.0327928364,0.000605261259
800_7000,mu_he,N2P2,20,0.15625,-0.0371875052,0.00074003033
800_7000,mu_he,N2P2,21,0.140625,-0.045135978,0.000860389253
800_7000,mu_he,N2P2,22,0.109375,-0.078494841,0.00119340629
800_7000,mu_he,N2P2,23,0.078125,-0.152315701,0.00191651313
800_7000,mu_he,N2P2,24,0.046875,-0.31027246,0.00353110963
800_7000,mu_he,N2P2,25,0.015625,-0.831775218,0.0101808935
800_7000,mu_h,N2P2,0,0.984375,-0.529249636,0.0354374307
800_7000,mu_h,N2P2,1,0.953125,-0.228429124,0.0171082152
800_7000,mu_h,N2P2,2,0.921875,-0.129135483,0.00726488452
800_7000,mu_h,N2P2,3,0.859375,-0.0649566167,0.00277262398
800_7000,mu_h,N2P2,4,0.796875,-0.0518537657,0.00165529117
800_7000,mu_h,N2P2,5,0.734375,-0.0506278324,0.00141409183
800_7000,mu_h,N2P2,6,0.609375,-0.0506278322,0.00129088509
800_7000,mu_h,N2P2,7,0.546875,-0.0506278323,0.00119512534
800_7000,mu_h,N2P2,8,0.484375,-0.0506278279,0.00111793745
800_7000,mu_h,N2P2,9,0.453125,-0.0506278308,0.00105400149
800_7000,mu_h,N2P2,10,0.421875,-0.0506278308,0.000999913576
800_7000,mu_h,N2P2,11,0.390625,-0.0506278313,0.000953380075
800_7000,mu_h,N2P2,12,0.359375,-0.0506278338,0.000912793323
800_7000,mu_h,N2P2,13,0.328125,-0.0506278284,0.000876982373
800_7000,mu_h,N2P2,14,0.296875,-0.050628211,0.000845081014
800_7000,mu_h,N2P2,15,0.265625,-0.0506278322,0.000816425915
800_7000,mu_h,N2P2,16,0.21875,-0.0506278341,0.000790501113
800_7000,mu_h,N2P2,17,0.203125,-0.0506278316,0.000766898593
800_7000,mu_h,N2P2,18,0.1875,-0.050582671,0.000742022321
800_7000,mu_h,N2P2,19,0.171875,-0.0503016727,0.000707518439
800_7000,mu_h,N2P2,20,0.15625,-0.0494397956,0.000660166804
800_7000,mu_h,N2P2,21,0.140625,-0.0480555236,0.000620190038
800_7000,mu_h,N2P2,22,0.109375,-0.0433143948,0.000555793134
800_7000,mu_h,N2P2,23,0.078125,-0.0357482315,0.00046677043
800_7000,mu_h,N2P2,24,0.046875,-0.0254400029,0.000348940842
800_7000,mu_h,N2P2,25,0.015625,-0.0101260196,0.000144524181
800_7000,integrand_he,MACE,0,0.984375,0.451274865,0.173553319
800_7000,integrand_he,MACE,1,0.953125,0.436497922,0.0914380985
800_7000,integrand_he,MACE,2,0.921875,0.318709739,0.0352064685
800_7000,integrand_he,MACE,3,0.859375,0.125043741,0.0101292265
800_7000,integrand_he,MACE,4,0.796875,0.0130485334,0.00216006628
800_7000,integrand_he,MACE,5,0.734375,0.00153296648,0.00128279116
800_7000,integrand_he,MACE,6,0.609375,1.89845843e-08,0.044576089
800_7000,integrand_he,MACE,7,0.546875,1.66421465e-09,0.00525621221
800_7000,integrand_he,MACE,8,0.484375,2.58849441e-09,0.00736286576
800_7000,integrand_he,MACE,9,0.453125,2.72399497e-09,0.00620185889
800_7000,integrand_he,MACE,10,0.421875,1.66354982e-09,0.00801839607
800_7000,integrand_he,MACE,11,0.390625,3.63085675e-09,0.0075641204
800_7000,integrand_he,MACE,12,0.359375,4.84972494e-09,0.00725605095
800_7000,integrand_he,MACE,13,0.328125,1.49251036e-09,0.0100486142
800_7000,integrand_he,MACE,14,0.296875,6.40560311e-10,0.00300166518
800_7000,integrand_he,MACE,15,0.265625,2.92080729e-09,0.00535193124
800_7000,integrand_he,MACE,16,0.234375,4.64322393e-10,0.00236447288
800_7000,integrand_he,MACE,17,0.21875,1.5104781e-10,0.00170611547
800_7000,integrand_he,MACE,18,0.203125,7.36376677e-09,0.00622433959
800_7000,integrand_he,MACE,19,0.1875,-1.3216454e-09,0.0141252647
800_7000,integrand_he,MACE,20,0.171875,0.0277742724,0.00285307242
800_7000,integrand_he,MACE,21,0.15625,0.0387625297,0.00203382409
800_7000,integrand_he,MACE,22,0.140625,0.0999831693,0.00534989414
800_7000,integrand_he,MACE,23,0.109375,0.255785681,0.0307508712
800_7000,integrand_he,MACE,24,0.078125,0.484942038,0.0222589411
800_7000,integrand_he,MACE,25,0.046875,0.639627495,0.0370742125
800_7000,integrand_he,MACE,26,0.015625,0.877336584,0.103174194
800_7000,mu_he,MACE,0,0.984375,-0.00434346623,0.000151441131
800_7000,mu_he,MACE,1,0.953125,-0.0130260831,0.000538877584
800_7000,mu_he,MACE,2,0.921875,-0.0206584314,0.000626790793
800_7000,mu_he,MACE,3,0.859375,-0.0301029115,0.000726730643
800_7000,mu_he,MACE,4,0.796875,-0.0332639708,0.000710277137
800_7000,mu_he,MACE,5,0.734375,-0.0336250309,0.000659682229
800_7000,mu_he,MACE,6,0.609375,-0.0337117458,0.000618326558
800_7000,mu_he,MACE,7,0.546875,-0.0337117472,0.000572460918
800_7000,mu_he,MACE,8,0.484375,-0.0337117474,0.000535486833
800_7000,mu_he,MACE,9,0.453125,-0.0337117472,0.000504861974
800_7000,mu_he,MACE,10,0.421875,-0.0337117477,0.000478954117
800_7000,mu_he,MACE,11,0.390625,-0.033711747,0.000456664892
800_7000,mu_he,MACE,12,0.359375,-0.0337117478,0.000437223448
800_7000,mu_he,MACE,13,0.328125,-0.0337117484,0.000420070728
800_7000,mu_he,MACE,14,0.296875,-0.0337117475,0.00040479027
800_7000,mu_he,MACE,15,0.265625,-0.0337117473,0.000391065003
800_7000,mu_he,MACE,16,0.234375,-0.0337117476,0.000378647754
800_7000,mu_he,MACE,17,0.21875,-0.0337117477,0.000367341292
800_7000,mu_he,MACE,18,0.203125,-0.0337117484,0.000356992619
800_7000,mu_he,MACE,19,0.1875,-0.033711744,0.000347469976
800_7000,mu_he,MACE,20,0.171875,-0.0344443893,0.000358142267
800_7000,mu_he,MACE,21,0.15625,-0.0363669355,0.00038505871
800_7000,mu_he,MACE,22,0.140625,-0.0407986408,0.000434528461
800_7000,mu_he,MACE,23,0.109375,-0.0679041862,0.000964219162
800_7000,mu_he,MACE,24,0.078125,-0.143462216,0.00184614056
800_7000,mu_he,MACE,25,0.046875,-0.317615578,0.00297593776
800_7000,mu_he,MACE,26,0.015625,-0.822849588,0.00677919883
800_7000,mu_h,MACE,0,0.984375,-0.556504046,0.0249518586
800_7000,mu_h,MACE,1,0.953125,-0.260825538,0.0117581211
800_7000,mu_h,MACE,2,0.921875,-0.143872224,0.00454856555
800_7000,mu_h,MACE,3,0.859375,-0.0647981821,0.00191414601
800_7000,mu_h,MACE,4,0.796875,-0.0494036987,0.00126366286
800_7000,mu_h,MACE,5,0.734375,-0.0482178422,0.00105014576
800_7000,mu_h,MACE,6,0.609375,-0.048038601,0.000925325409
800_7000,mu_h,MACE,7,0.546875,-0.0480385999,0.000856683734
800_7000,mu_h,MACE,8,0.484375,-0.0480386004,0.000801354205
800_7000,mu_h,MACE,9,0.453125,-0.0480386014,0.000755523917
800_7000,mu_h,MACE,10,0.421875,-0.0480386002,0.000716752988
800_7000,mu_h,MACE,11,0.390625,-0.0480386016,0.000683397098
800_7000,mu_h,MACE,12,0.359375,-0.0480386022,0.000654302917
800_7000,mu_h,MACE,13,0.328125,-0.0480386033,0.000628633871
800_7000,mu_h,MACE,14,0.296875,-0.0480386041,0.000605767121
800_7000,mu_h,MACE,15,0.265625,-0.0480386,0.000585226225
800_7000,mu_h,MACE,16,0.234375,-0.0480385995,0.000566643244
800_7000,mu_h,MACE,17,0.21875,-0.0480386034,0.00054972443
800_7000,mu_h,MACE,18,0.203125,-0.0480385995,0.00053423596
800_7000,mu_h,MACE,19,0.1875,-0.0480385998,0.000519987085
800_7000,mu_h,MACE,20,0.171875,-0.0478782126,0.000502558357
800_7000,mu_h,MACE,21,0.15625,-0.0475011676,0.000483475147
800_7000,mu_h,MACE,22,0.140625,-0.0467293616,0.000462202016
800_7000,mu_h,MACE,23,0.109375,-0.0428769837,0.000375404942
800_7000,mu_h,MACE,24,0.078125,-0.0351327849,0.000275027143
800_7000,mu_h,MACE,25,0.046875,-0.0237675579,0.000193270403
800_7000,mu_h,MACE,26,0.015625,-0.00893130923,7.61520297e-05
150_5000,gmix_fep,FEP_vdW-DF,0,0.015625,-0.0112257329,0.0027491972
150_5000,gmix_fep,FEP_vdW-DF,1,0.046875,-0.026221805,0.0028377799
150_5000,gmix_fep,FEP_vdW-DF,2,0.109375,-0.0342327639,0.0028336312
150_5000,gmix_fep,FEP_vdW-DF,3,0.203125,-0.0411813056,0.0034457255
150_5000,gmix_fep,FEP_vdW-DF,4,0.296875,-0.0454016519,0.0031688664
150_5000,gmix_fep,FEP_vdW-DF,5,0.390625,-0.0513379523,0.0034997681
150_5000,gmix_fep,FEP_vdW-DF,6,0.546875,-0.0627020478,0.0039171098
150_5000,gmix_fep,FEP_vdW-DF,7,0.609375,-0.0659970977,0.0034687725
150_5000,gmix_fep,FEP_vdW-DF,8,0.734375,-0.0677494681,0.0034335785
150_5000,gmix_fep,FEP_vdW-DF,9,0.796875,-0.0630843379,0.0033009023
150_5000,gmix_fep,FEP_vdW-DF,10,0.921875,-0.0392619213,0.0033546196
150_5000,gmix_fep,FEP_vdW-DF,11,0.984375,-0.0107944428,0.0032240152
800_7000,gmix_fep,FEP_vdW-DF,0,0.015625,-0.015108059,0.0056801752
800_7000,gmix_fep,FEP_vdW-DF,1,0.046875,-0.0336575685,0.0053894964
800_7000,gmix_fep,FEP_vdW-DF,2,0.109375,-0.0475735397,0.005027364
800_7000,gmix_fep,FEP_vdW-DF,3,0.203125,-0.0483859507,0.0057163893
800_7000,gmix_fep,FEP_vdW-DF,4,0.296875,-0.0439921661,0.0063652371
800_7000,gmix_fep,FEP_vdW-DF,5,0.390625,-0.0413104621,0.0063464809
800_7000,gmix_fep,FEP_vdW-DF,6,0.546875,-0.0366445793,0.0065019158
800_7000,gmix_fep,FEP_vdW-DF,7,0.609375,-0.0347536662,0.0067729382
800_7000,gmix_fep,FEP_vdW-DF,8,0.734375,-0.0295645545,0.0058688028
800_7000,gmix_fep,FEP_vdW-DF,9,0.796875,-0.029652578,0.0064468191
800_7000,gmix_fep,FEP_vdW-DF,10,0.921875,-0.0253689641,0.0063036151
